oscar year,title,result,release year,rated,budget,language,imdb rating,imdb votes,metascore,meta votes,rt score,rt votes,audience score,audience votes,domestic,international,worldwide,genre,studio,country,runtime
2014,12 Years a Slave,Winner,2013,R,"$20,000,000",English,8.1,"764,756",96,57,95,377,90,"100,000+","$56,671,993","$124,093,068","$180,765,061",Drama,Fox Searchlight,United States,133 minutes
2011,127 Hours,Nominated,2010,R,"$18,000,000",English,7.5,"413,960",82,38,93,236,85,"50,000+","$18,335,230","$41,881,941","$60,217,171",Drama,Fox Searchlight,United States,93 minutes
2020,1917,Nominated,2019,R,"$100,000,000",English,8.2,"728,029",78,57,88,474,88,"25,000+","$159,227,644","$224,482,428","$383,710,072",Thriller/Suspense,Universal,"United Kingdom, United States",119 minutes
2002,A Beautiful Mind,Winner,2001,PG-13,"$58,000,000",English,8.2,"1,022,056",72,33,74,214,93,"250,000+","$170,708,996","$146,959,062","$317,668,058",Drama,Universal,United States,134 minutes
1972,A Clockwork Orange,Nominated,1971,R,"$2,200,000",English,8.2,"911,588",77,22,86,84,93,"250,000+","$26,645,895","$4,433,575","$31,079,470",Drama,Warner Bros.,"United Kingdom, United States",136 minutes
2025,A Complete Unknown,Nominated,2024,R,"$70,000,000",English,7.4,"82,336",70,59,82,337,95,"5,000+","$75,001,720","$65,405,523","$140,407,243",Drama,Searchlight Pictures,United States,140 minutes
1993,A Few Good Men,Nominated,1992,R,"$40,000,000",English,7.7,"302,323",62,21,84,68,89,"250,000+","$141,340,178","$95,159,822","$236,500,000",Drama,Sony Pictures,United States,138 minutes
1967,A Man for All Seasons,Winner,1966,G,"$2,000,000",English,7.7,"38,729",72,11,89,80,87,"5,000+","$28,350,000",,,Drama,Sony Pictures,United Kingdom,120 minutes
1985,A Passage to India,Nominated,1984,PG,"$16,000,000",English,7.3,"22,269",78,14,77,30,79,"5,000+","$27,187,653",$243,"$27,187,896",Drama,Sony Pictures,United Kingdom,163 minutes
1987,A Room with a View,Nominated,1985,Not Rated,"$3,000,000",English,7.2,"50,400",83,21,100,37,85,"25,000+","$20,966,644","$75,363","$21,042,007",Drama,Cinecom,United Kingdom,115 minutes
2010,A Serious Man,Nominated,2009,R,"$7,000,000",English,7,"154,312",88,38,89,223,68,"50,000+","$9,228,788","$21,131,782","$30,360,570",Comedy,Focus Features,United States,105 minutes
1985,A Soldier's Story,Nominated,1984,PG,"$6,000,000",English,7.2,"11,959",66,10,90,21,82,"5,000+","$22,100,000",,,Drama,Sony Pictures,United States,101 minutes
2019,A Star Is Born,Nominated,2018,R,"$36,000,000",English,7.6,"436,114",88,60,90,536,80,"10,000+","$215,288,866","$216,385,290","$431,674,156",Drama,Warner Bros.,United States,140 minutes
1966,A Thousand Clowns,Nominated,1965,Approved,,English,7.3,"3,827",,,72,18,88,"1,000+",n/a,,,Comedy,,,116 minutes
1974,A Touch of Class,Nominated,1973,PG,,English,6.5,"3,732",,,86,14,66,"1,000+","$16,800,000",,,Romantic Comedy,Avco Embassy,United Kingdom,106 minutes
2025,I'm Still Here,Nominated,2024,PG-13,,Portuguese,8.3,"107,787",85,43,97,192,97,500+,"$6,233,517","$29,283,799","$35,517,316",Drama,Sony Pictures Classics,"Brazil, France",136 minutes
1971,Airport,Nominated,1970,G,"$10,000,000",English,6.6,"23,195",42,5,75,16,54,"10,000+","$100,489,150",,,Thriller/Suspense,Universal,United States,137 minutes
1967,Alfie,Nominated,1966,Unrated,"$800,000",English,7,"16,367",70,10,97,29,76,"10,000+","$18,871,300",,,Comedy,Paramount Pictures,United Kingdom,114 minutes
2023,All Quiet on the Western Front,Nominated,2022,R,,German,7.8,"274,023",76,37,90,176,90,"2,500+",n/a,"$2,878","$2,878",Drama,Netflix,"Germany, United States",147 minutes
1980,All That Jazz,Nominated,1979,R,"$12,000,000",English,7.8,"37,865",72,13,88,48,85,"10,000+","$37,823,676",,,Drama,20th Century Fox,United States,123 minutes
1977,All the President's Men,Nominated,1976,PG,"$8,500,000",English,7.9,"131,174",84,18,94,71,92,"50,000+","$51,048,435",$422,"$51,048,857",Drama,Warner Bros.,United States,138 minutes
1985,Amadeus,Winner,1984,R,"$18,000,000",English,8.4,"448,626",87,28,90,156,95,"100,000+","$51,973,029","$52,071","$52,025,100",Drama,Warner Bros.,United States,158 minutes
1964,America America,Nominated,1963,Approved,,English,7.7,"6,271",72,12,67,9,85,500+,n/a,$205,$205,Drama,,United States,174 minutes
2000,American Beauty,Winner,1999,R,"$15,000,000",English,8.3,"1,248,885",84,34,87,193,93,"250,000+","$130,058,047","$226,200,000","$356,258,047",Drama,Dreamworks SKG,United States,121 minutes
2024,American Fiction,Nominated,2023,R,,English,7.5,"110,823",81,54,93,289,95,"1,000+","$21,098,470","$1,927,773","$23,026,243",Comedy,Amazon MGM Studios,United States,117 minutes
1974,American Graffiti,Nominated,1973,PG,"$750,000",English,7.4,"102,303",97,15,95,62,84,"50,000+","$115,557,835","$25,000,000","$140,557,835",Drama,Universal,United States,112 minutes
2014,American Hustle,Nominated,2013,R,"$40,000,000",English,7.2,"509,863",90,47,92,294,74,"100,000+","$150,098,456","$107,760,487","$257,858,943",Black Comedy,Sony Pictures,United States,138 minutes
2015,American Sniper,Nominated,2014,R,"$58,800,000",English,7.3,"550,776",73,48,72,300,84,"100,000+","$350,126,372","$197,500,000","$547,626,372",Drama,Warner Bros.,United States,132 minutes
2013,Amour,Nominated,2012,PG-13,"$8,900,000",French,7.9,"108,309",95,45,93,219,82,"10,000+","$6,738,954","$30,048,090","$36,787,044",Drama,Sony Pictures Classics,France,127 minutes
2010,An Education,Nominated,2009,PG-13,"GBP4,500,000",English,7.2,"139,734",85,34,93,199,80,"50,000+","$12,574,914","$17,077,822","$29,652,736",Drama,Sony Pictures Classics,"United Kingdom, United States",95 minutes
1979,An Unmarried Woman,Nominated,1978,R,,English,7.2,"6,437",79,14,89,28,73,"1,000+","$24,000,000",,,Comedy,20th Century Fox,United States,124 minutes
2024,Anatomy of a Fall,Nominated,2023,R,"EUR6,200,000",French,7.6,"175,040",86,44,96,285,91,100+,"$5,076,369","$16,849,997","$21,926,366",Drama,Neon,France,150 minutes
1970,Anne of the Thousand Days,Nominated,1969,PG,,English,7.4,"8,487",,,43,14,82,"2,500+",n/a,,,Drama,,United Kingdom,145 minutes
1978,Annie Hall,Winner,1977,PG,"$4,000,000",English,7.9,"284,389",92,20,97,128,92,"100,000+","$38,251,425",$845,"$38,252,270",Romantic Comedy,United Artists,United States,93 minutes
2025,Anora,Winner,2024,R,"$6,000,000",English,7.5,"191,869",91,62,93,341,84,"1,000+","$20,474,298","$36,012,730","$56,487,028",Comedy,Neon,United States,139 minutes
1980,Apocalypse Now,Nominated,1979,R,"$31,500,000",English,8.4,"742,176",94,15,90,147,94,"250,000+","$83,535,860","$2,419,526","$85,955,386",Drama,United Artists,United States,153 minutes
1996,Apollo 13,Nominated,1995,PG,"$52,000,000",English,7.7,"326,399",78,22,96,99,87,"250,000+","$173,772,767","$162,029,504","$335,802,271",Drama,Universal,United States,139 minutes
2013,Argo,Winner,2012,R,"$44,500,000",English,7.7,"652,584",86,45,96,360,90,"100,000+","$136,025,503","$91,115,254","$227,140,757",Thriller/Suspense,Warner Bros.,United States,120 minutes
2017,Arrival,Nominated,2016,PG-13,"$47,000,000",English,7.9,"817,515",81,52,94,442,82,"50,000+","$100,546,139","$101,695,214","$202,241,353",Drama,Paramount Pictures,United States,116 minutes
1998,As Good as It Gets,Nominated,1997,PG-13,"$50,000,000",English,7.7,"328,587",67,30,86,85,86,"250,000+","$148,478,011","$165,633,912","$314,111,923",Romantic Comedy,Sony Pictures,United States,138 minutes
1982,Atlantic City,Nominated,1980,R,"$7,200,000",English,7.3,"18,976",85,15,100,37,78,"5,000+","$10,000,000",,,Drama,Paramount Pictures,"Canada, France",104 minutes
2008,Atonement,Nominated,2007,R,"$30,000,000",English,7.8,"314,211",85,36,83,219,80,"100,000+","$50,980,159","$78,799,569","$129,779,728",Drama,Focus Features,"France, United Kingdom",123 minutes
2010,Avatar,Nominated,2009,PG-13,"$237,000,000",English,7.9,"1,430,964",83,38,81,334,82,"250,000+","$785,221,649","$2,138,484,377","$2,923,706,026",Action,20th Century Fox,United States,162 minutes
2023,Avatar: The Way of Water,Nominated,2022,PG-13,"$350,000,000",English,7.5,"534,171",67,68,76,453,92,"10,000+","$684,075,767","$1,636,174,514","$2,320,250,281",Action,20th Century Studios,United States,190 minutes
1991,Awakenings,Nominated,1990,PG-13,"$31,000,000",English,7.8,"169,053",74,18,81,37,89,"50,000+","$51,636,504",,,Drama,Sony Pictures,United States,121 minutes
1996,Babe,Nominated,1995,G,"$30,000,000",English,6.9,"138,722",83,16,97,73,67,"250,000+","$63,658,910","$182,441,090","$246,100,000",Comedy,Universal,"Australia, United States",91 minutes
2007,Babel,Nominated,2006,R,"$25,000,000",English,7.5,"323,842",69,38,68,203,77,"250,000+","$34,302,837","$97,818,375","$132,121,212",Drama,Paramount Vantage,"Japan, Mexico, Morocco, United States",143 minutes
2024,Barbie,Nominated,2023,PG-13,"$100,000,000",English,6.8,"607,670",80,67,88,501,83,"10,000+","$636,785,476","$807,483,947","$1,444,269,423",Comedy,Warner Bros.,United States,114 minutes
1976,Barry Lyndon,Nominated,1975,PG,"$11,000,000",English,8.1,"193,320",89,21,78,143,92,"25,000+","$20,000,000","$221,274","$20,221,274",Drama,Warner Bros.,"United Kingdom, United States",185 minutes
2013,Beasts of the Southern Wild,Nominated,2012,PG-13,"$1,800,000",English,7.2,"85,930",86,45,87,208,76,"25,000+","$12,795,746","$10,469,386","$23,265,132",Drama,Fox Searchlight,United States,93 minutes
1992,Beauty and the Beast,Nominated,1991,G,"$25,000,000",English,8,"493,165",95,22,95,171,93,"250,000+","$206,333,165","$232,323,678","$438,656,843",Musical,Walt Disney,United States,85 minutes
1965,Becket,Nominated,1964,PG-13,"$3,000,000",English,7.7,"16,509",68,10,75,28,87,"5,000+","$9,164,370",,,Drama,Paramount Pictures,"United Kingdom, United States",148 minutes
2022,Belfast,Nominated,2021,PG-13,"$11,000,000",English,7.2,"97,842",75,55,86,332,92,"1,000+","$9,250,870","$40,256,478","$49,507,348",Drama,Focus Features,United Kingdom,97 minutes
2015,Birdman or (The Unexpected Virtue of Ignorance),Winner,2014,R,"$18,000,000",English,7.7,"682,223",87,58,91,361,78,"50,000+","$42,340,598","$60,203,785","$102,544,383",Black Comedy,Fox Searchlight,United States,119 minutes
2019,BlacKkKlansman,Nominated,2018,R,"$15,000,000",English,7.5,"302,214",83,56,96,448,83,"10,000+","$49,275,340","$44,136,086","$93,411,426",Black Comedy,Focus Features,United States,134 minutes
2019,Black Panther,Nominated,2018,PG-13,"$200,000,000",English,7.3,"874,635",88,55,96,527,79,"50,000+","$700,059,566","$634,097,516","$1,334,157,082",Action,Walt Disney,United States,120 minutes
2011,Black Swan,Nominated,2010,R,"$13,000,000",English,8,"859,243",79,42,85,320,84,"100,000+","$106,954,678","$224,312,032","$331,266,710",Thriller/Suspense,Fox Searchlight,United States,108 minutes
2019,Bohemian Rhapsody,Nominated,2018,PG-13,"$52,000,000",English,7.9,"622,785",49,50,60,418,85,"10,000+","$216,303,339","$662,785,558","$879,088,897",Drama,20th Century Fox,"United Kingdom, United States",134 minutes
1968,Bonnie and Clyde,Nominated,1967,R,"$2,500,000",English,7.7,"124,760",86,20,91,74,88,"50,000+","$50,700,000",$128,"$50,700,128",Drama,Warner Bros.,United States,111 minutes
1990,Born on the Fourth of July,Nominated,1989,R,"$14,000,000",English,7.2,"120,357",75,16,84,56,76,"50,000+","$70,001,698",,,Drama,Universal,United States,144 minutes
1977,Bound for Glory,Nominated,1976,PG,,English,7.2,"5,828",70,10,81,26,76,"1,000+",n/a,,,Drama,,,147 minutes
2015,Boyhood,Nominated,2014,R,"$4,000,000",English,7.9,"375,241",100,50,97,332,80,"50,000+","$25,379,975","$31,893,074","$57,273,049",Drama,IFC Films,United States,164 minutes
1996,Braveheart,Winner,1995,R,"$53,000,000",English,8.3,"1,129,459",68,20,76,126,85,"250,000+","$75,545,647","$133,499,597","$209,045,244",Drama,Paramount Pictures,United States,177 minutes
1980,Breaking Away,Nominated,1979,PG,"$2,300,000",English,7.7,"26,606",91,15,95,42,88,"5,000+","$20,000,000",,,Drama,20th Century Fox,United States,101 minutes
2016,Bridge of Spies,Nominated,2015,PG-13,"$40,000,000",English,7.6,"336,520",81,48,91,314,87,"50,000+","$72,313,754","$90,184,584","$162,498,338",Thriller/Suspense,Walt Disney,United States,141 minutes
1988,Broadcast News,Nominated,1987,R,"$20,000,000",English,7.3,"35,405",84,17,98,58,79,"10,000+","$51,249,404","$16,081,905","$67,331,309",Comedy,20th Century Fox,United States,133 minutes
2006,Brokeback Mountain,Nominated,2005,R,"$14,000,000",English,7.7,"401,070",87,41,88,253,82,"250,000+","$83,043,761","$93,937,102","$176,980,863",Drama,Focus Features,United States,134 minutes
2016,Brooklyn,Nominated,2015,PG-13,"$11,000,000",English,7.5,"155,296",88,45,97,278,87,"25,000+","$38,322,743","$23,753,398","$62,076,141",Drama,Fox Searchlight,"Canada, Ireland, United Kingdom",113 minutes
1992,Bugsy,Nominated,1991,R,"$30,000,000",English,6.8,"32,115",80,27,84,63,69,"10,000+","$49,103,967",,,Drama,Sony/TriStar,United States,136 minutes
1970,Butch Cassidy and the Sundance Kid,Nominated,1969,PG,"$6,000,000",English,8,"232,204",66,13,89,62,92,"50,000+","$102,308,900","$2,413","$102,311,313",Western,20th Century Fox,United States,112 minutes
2022,CODA,Winner,2021,PG-13,"$10,000,000",American Sign Language,8,"178,320",72,46,94,299,91,"2,500+",n/a,"$2,237,618","$2,237,618",Drama,Apple Original Films,United States,111 minutes
1973,Cabaret,Nominated,1972,PG,"$4,600,000",English,7.8,"62,206",80,8,91,47,87,"25,000+","$41,326,446","$83,274","$41,409,720",Musical,Allied Artists,United States,124 minutes
2018,Call Me by Your Name,Nominated,2017,R,"EUR4,000,000",English,7.8,"339,848",94,53,95,363,86,"10,000+","$18,065,180","$23,352,210","$41,417,390",Drama,Sony Pictures Classics,"Brazil, France, Italy, United States",131 minutes
2006,Capote,Nominated,2005,R,"$7,000,000",English,7.3,"145,326",88,40,89,194,82,"100,000+","$28,750,530","$21,173,549","$49,924,079",Drama,Sony Pictures Classics,"Canada, United States",114 minutes
2014,Captain Phillips,Nominated,2013,PG-13,"$55,000,000",English,7.8,"507,858",82,48,93,279,89,"100,000+","$107,136,417","$113,511,767","$220,648,184",Drama,Sony Pictures,United States,133 minutes
1982,Chariots of Fire,Winner,1981,PG,"$5,500,000",English,7.1,"68,866",78,19,84,115,80,"25,000+","$61,558,162","$365,914","$61,924,076",Drama,Warner Bros.,United Kingdom,125 minutes
2003,Chicago,Winner,2002,PG-13,"$45,000,000",English,7.2,"250,271",81,39,87,261,83,"250,000+","$170,687,518","$136,083,027","$306,770,545",Musical,Miramax,United States,113 minutes
1987,Children of a Lesser God,Nominated,1986,R,"$10,500,000",English,7.2,"19,398",80,13,81,37,78,"5,000+","$31,853,080",,,Drama,Paramount Pictures,United States,119 minutes
1975,Chinatown,Nominated,1974,R,"$6,000,000",English,8.1,"364,999",92,23,98,143,93,"50,000+","$23,169,837","$1,311","$23,171,148",Drama,Paramount Pictures,United States,131 minutes
2001,Chocolat,Nominated,2000,PG-13,"$25,000,000",English,7.2,"206,709",64,31,63,119,83,"250,000+","$71,309,760","$81,190,583","$152,500,343",Drama,Miramax,"United Kingdom, United States",121 minutes
1964,Cleopatra,Nominated,1963,G,"$31,115,000",English,7,"39,307",60,14,56,43,67,"10,000+","$57,000,000","$14,000,000","$71,000,000",Drama,20th Century Fox,United States,248 minutes
1981,Coal Miner's Daughter,Nominated,1980,PG,,English,7.5,"21,393",84,7,84,63,86,"25,000+","$67,182,787",,,Drama,Universal,United States,124 minutes
1979,Coming Home,Nominated,1978,R,"$3,000,000",English,7.3,"15,490",61,9,83,30,82,"5,000+","$32,653,000",$142,"$32,653,142",Drama,United Artists,United States,119 minutes
2025,Conclave,Nominated,2024,PG,"$20,000,000",English,7.4,"184,445",79,54,93,322,86,"2,500+","$32,580,655","$70,716,713","$103,297,368",Thriller/Suspense,Focus Features,"United Kingdom, United States",120 minutes
2006,Crash,Winner,2004,R,"$6,500,000",English,7.7,"455,582",66,36,73,240,88,"250,000+","$55,334,418","$45,838,620","$101,173,038",Drama,Lionsgate,United States,112 minutes
2001,"Crouching Tiger, Hidden Dragon",Nominated,2000,PG-13,"$17,000,000",Mandarin,7.9,"288,120",94,32,98,171,86,"250,000+","$128,519,357","$85,446,864","$213,966,221",Action,Sony Pictures Classics,"China, Hong Kong, Taiwan, Province of China, United States",120 minutes
2014,Dallas Buyers Club,Nominated,2013,R,"$5,000,000",English,7.9,"535,139",77,47,92,264,91,"50,000+","$27,298,285","$33,313,560","$60,611,845",Drama,Focus Features,United States,117 minutes
1991,Dances with Wolves,Winner,1990,PG-13,"$22,000,000",English,8,"300,970",72,20,87,132,87,"100,000+","$184,208,842","$239,999,963","$424,208,805",Western,Orion Pictures,United States,181 minutes
1989,Dangerous Liaisons,Nominated,1988,R,"$14,000,000",English,7.5,"77,633",74,17,94,34,83,"25,000+","$34,700,000",,,Drama,Warner Bros.,United States,119 minutes
2018,Darkest Hour,Nominated,2017,PG-13,"$30,000,000",English,7.4,"231,385",75,50,84,310,82,"10,000+","$56,443,120","$94,364,510","$150,807,630",Drama,Focus Features,United Kingdom,125 minutes
1966,Darling,Nominated,1965,TV-MA,"GBP400,000",English,7,"8,224",,,72,18,70,"1,000+",n/a,$137,$137,Drama,,United Kingdom,128 minutes
1990,Dead Poets Society,Nominated,1989,PG,"$16,400,000",English,8.1,"591,294",79,15,85,65,92,"250,000+","$95,860,116","$143,639,884","$239,500,000",Drama,Walt Disney,United States,128 minutes
1973,Deliverance,Nominated,1972,R,"$2,000,000",English,7.6,"124,458",80,15,89,66,82,"25,000+","$46,122,355",,,Thriller/Suspense,Warner Bros.,United States,109 minutes
2010,District 9,Nominated,2009,R,"$30,000,000",English,7.9,"735,622",81,36,90,310,82,"250,000+","$115,646,235","$96,807,196","$212,453,431",Thriller/Suspense,Sony Pictures,"New Zealand, South Africa, United States",111 minutes
2013,Django Unchained,Nominated,2012,R,"$100,000,000",English,8.5,"1,791,469",81,42,87,296,92,"250,000+","$162,805,434","$287,036,132","$449,841,566",Western,Weinstein Co.,United States,165 minutes
1968,Doctor Dolittle,Nominated,1967,Approved,"$17,000,000",English,6.2,"10,674",34,6,29,21,57,"50,000+","$9,000,000",,,Musical,,United States,152 minutes
1966,Doctor Zhivago,Nominated,1965,PG-13,"$11,000,000",English,7.9,"84,589",69,14,82,49,88,"25,000+","$111,897,830","$154,971","$112,052,801",Drama,MGM,"Italy, United Kingdom",197 minutes
1976,Dog Day Afternoon,Nominated,1975,R,"$1,800,000",English,8,"281,918",86,15,96,117,90,"100,000+","$46,665,856",$422,"$46,666,278",Drama,Warner Bros.,United States,125 minutes
2022,Don't Look Up,Nominated,2021,R,"$75,000,000",English,7.2,"640,101",49,52,56,304,78,100+,n/a,"$1,172,913","$1,172,913",Comedy,Netflix,United States,145 minutes
2022,Drive My Car,Nominated,2021,Unrated,,Japanese,7.5,"72,498",91,42,97,215,78,"1,000+","$2,352,240","$12,990,746","$15,342,986",Drama,Janus Films,Japan,179 minutes
1965,Dr. Strangelove or: How I Learned to Stop Worrying and Love the Bomb,Nominated,1964,PG,"$1,800,000",English,8.3,"537,637",97,32,98,96,94,"100,000+","$9,164,370","$96,883","$9,261,253",Black Comedy,Sony Pictures,"United Kingdom, United States",95 minutes
1990,Driving Miss Daisy,Winner,1989,PG,"$7,500,000",English,7.3,"121,132",81,17,85,106,81,"50,000+","$106,593,296",,,Drama,Warner Bros.,United States,99 minutes
2022,Dune: Part One,Nominated,2021,PG-13,"$165,000,000",English,8,"956,644",74,68,83,514,90,"5,000+","$111,031,267","$318,618,524","$429,649,791",Action,Warner Bros.,United States,156 minutes
2025,Dune: Part Two,Nominated,2024,PG-13,"$190,000,000",English,8.5,"630,606",79,62,92,456,95,"5,000+","$282,709,065","$432,002,455","$714,711,520",Action,Warner Bros.,United States,165 minutes
2018,Dunkirk,Nominated,2017,PG-13,"$100,000,000",English,7.8,"773,342",94,53,92,470,81,"50,000+","$190,068,280","$319,668,648","$509,736,928",Action,Warner Bros.,"France, Netherlands, United Kingdom, United States",107 minutes
1983,E.T. the Extra-Terrestrial,Nominated,1982,PG,"$10,500,000",English,7.9,"453,825",92,30,99,146,72,"250,000+","$439,454,989","$357,852,418","$797,307,407",Adventure,Universal,United States,114 minutes
1999,Elizabeth,Nominated,1998,R,"$30,000,000",English,7.4,"108,102",75,30,84,67,86,"50,000+","$30,082,699","$52,067,943","$82,150,642",Drama,Gramercy,United Kingdom,123 minutes
2023,Elvis,Nominated,2022,PG-13,"$85,000,000",English,7.3,"250,820",64,60,77,401,94,"10,000+","$151,416,153","$136,700,000","$288,116,153",Drama,Warner Bros.,"Australia, United States",159 minutes
2025,Emilia Pérez,Nominated,2024,R,"EUR25,000,000",Spanish,5.4,"89,153",70,55,71,269,16,"10,000+",n/a,"$7,055,119","$7,055,119",Musical,Netflix,"France, Mexico, United States",132 minutes
2001,Erin Brockovich,Nominated,2000,R,"$52,000,000",English,7.5,"234,248",73,37,85,153,81,"250,000+","$125,548,685","$132,256,558","$257,805,243",Drama,Universal,United States,130 minutes
2023,Everything Everywhere All at Once,Winner,2022,R,"$14,300,000",English,7.8,"580,685",81,55,94,405,79,"10,000+","$77,169,474","$34,309,407","$111,478,881",Action,A24,United States,146 minutes
2012,Extremely Loud & Incredibly Close,Nominated,2011,PG-13,"$40,000,000",English,6.9,"106,612",46,41,44,189,61,"50,000+","$31,847,881","$23,400,000","$55,247,881",Drama,Warner Bros.,United States,129 minutes
1962,Fanny,Nominated,1961,Approved,,English,6.8,"2,835",,,,3,68,250+,"$9,996,178",,,,,United States,134 minutes
1997,Fargo,Nominated,1996,R,"$7,000,000",English,8.1,"756,440",88,26,95,111,92,"100,000+","$24,567,751","$26,634,120","$51,201,871",Thriller/Suspense,Gramercy,United States,95 minutes
1988,Fatal Attraction,Nominated,1987,R,"$14,000,000",English,6.9,"106,039",67,16,74,61,72,"50,000+","$156,645,693","$163,454,304","$320,099,997",Thriller/Suspense,Paramount Pictures,United States,120 minutes
2017,Fences,Nominated,2016,PG-13,"$24,000,000",English,7.2,"121,784",79,48,92,272,75,"25,000+","$57,682,904","$6,599,977","$64,282,881",Drama,Paramount Pictures,United States,133 minutes
1972,Fiddler on the Roof,Nominated,1971,G,"$9,000,000",English,8,"50,035",67,13,81,78,92,"50,000+","$80,500,000","$1,127","$80,501,127",Musical,United Artists,United States,181 minutes
1990,Field of Dreams,Nominated,1989,PG,"$15,000,000",English,7.5,"134,070",57,18,88,66,86,"100,000+","$64,532,235",,,Drama,Universal,United States,106 minutes
2005,Finding Neverland,Nominated,2004,PG,"$25,000,000",English,7.6,"214,831",67,38,83,204,87,"250,000+","$51,676,606","$63,359,502","$115,036,108",Drama,Miramax,"United Kingdom, United States",106 minutes
1971,Five Easy Pieces,Nominated,1970,R,"$1,600,000",English,7.4,"42,585",85,15,89,54,84,"10,000+","$18,099,091",,,Drama,Sony Pictures,United States,98 minutes
2020,Ford v Ferrari,Nominated,2019,PG-13,"$97,600,000",English,8.1,"522,993",81,47,92,363,98,"10,000+","$117,624,357","$106,766,349","$224,390,706",Drama,20th Century Fox,United States,152 minutes
1995,Forrest Gump,Winner,1994,PG-13,"$55,000,000",English,8.8,"2,379,091",82,21,75,158,95,"250,000+","$330,151,138","$349,683,999","$679,835,137",Drama,Paramount Pictures,United States,142 minutes
1995,Four Weddings and a Funeral,Nominated,1994,R,"$4,400,000",English,7.1,"174,030",81,19,92,134,74,"100,000+","$52,700,832","$190,194,977","$242,895,809",Romantic Comedy,Gramercy,United Kingdom,116 minutes
2009,Frost/Nixon,Nominated,2008,R,"$25,000,000",English,7.6,"114,498",80,38,93,257,88,"100,000+","$18,622,031","$9,830,914","$28,452,945",Drama,Universal,"France, United Kingdom, United States",122 minutes
1969,Funny Girl,Nominated,1968,G,"$14,100,000",English,7.4,"26,306",88,16,95,55,85,"10,000+","$58,707,416",,,Comedy,Columbia,United States,151 minutes
1983,Gandhi,Winner,1982,PG,"$22,000,000",English,8,"244,017",79,16,89,112,92,"50,000+","$52,767,889","$75,000,000","$127,767,889",Drama,Sony Pictures,"India, United Kingdom, United States",191 minutes
2003,Gangs of New York,Nominated,2002,R,"$100,000,000",English,7.5,"488,576",72,39,72,212,81,"250,000+","$77,730,500","$105,394,121","$183,124,621",Drama,Miramax,United States,155 minutes
2018,Get Out,Nominated,2017,R,"$5,000,000",English,7.8,"759,410",85,48,98,402,86,"50,000+","$175,837,935","$76,459,470","$252,297,405",Horror,Universal,United States,104 minutes
1991,Ghost,Nominated,1990,PG-13,"$22,000,000",English,7.1,"247,873",52,17,75,81,80,"250,000+","$217,631,306","$299,968,682","$517,599,988",Drama,Paramount Pictures,United States,127 minutes
2001,Gladiator,Winner,2000,R,"$103,000,000",English,8.5,"1,759,647",67,46,80,261,87,"250,000+","$187,683,805","$263,999,794","$451,683,599",Action,Dreamworks SKG,United States,154 minutes
2006,"Good Night, and Good Luck.",Nominated,2005,PG,"$7,500,000",English,7.4,"103,015",80,41,93,225,83,"100,000+","$31,501,218","$25,085,683","$56,586,901",Drama,Warner Independent,United States,100 minutes
1998,Good Will Hunting,Nominated,1997,R,"$10,000,000",English,8.3,"1,137,837",71,28,97,91,94,"250,000+","$138,433,435","$87,492,554","$225,925,989",Drama,Miramax,United States,126 minutes
1991,Goodfellas,Nominated,1990,R,"$25,000,000",English,8.7,"1,325,824",92,21,94,166,97,"250,000+","$46,743,809","$359,674","$47,103,483",Drama,Warner Bros.,United States,146 minutes
2002,Gosford Park,Nominated,2001,R,"$19,800,000",English,7.2,"98,377",90,34,87,165,78,"25,000+","$41,300,105","$16,971,781","$58,271,886",Comedy,USA Films,"Italy, United Kingdom, United States",137 minutes
2014,Gravity,Nominated,2013,PG-13,"$100,000,000",English,7.7,"881,937",96,49,96,361,79,"250,000+","$274,092,705","$410,565,026","$684,657,731",Thriller/Suspense,Warner Bros.,"United Kingdom, United States",91 minutes
2019,Green Book,Winner,2018,PG-13,"$23,000,000",English,8.2,"635,783",69,52,77,362,91,"10,000+","$85,080,171","$234,914,848","$319,995,019",Comedy,Universal,United States,130 minutes
1968,Guess Who's Coming to Dinner,Nominated,1967,Approved,"$4,000,000",English,7.8,"51,165",63,6,71,38,85,"25,000+","$56,700,000",,,Comedy,,United States,108 minutes
2017,Hacksaw Ridge,Nominated,2016,R,"$40,000,000",English,8.1,"637,419",71,47,84,280,91,"50,000+","$67,209,615","$101,213,634","$168,423,249",Drama,Lionsgate,United States,138 minutes
1987,Hannah and Her Sisters,Nominated,1986,PG-13,"$6,400,000",English,7.8,"79,185",90,12,92,59,90,"25,000+","$40,084,041",,,Comedy,Orion Pictures,United States,106 minutes
1979,Heaven Can Wait,Nominated,1978,PG,"$6,000,000",English,6.9,"24,634",72,10,86,49,69,"10,000+","$98,800,000",,,Comedy,Paramount Pictures,United States,101 minutes
2017,Hell or High Water,Nominated,2016,R,"$12,000,000",English,7.6,"265,531",88,47,97,287,88,"25,000+","$27,007,844","$10,558,273","$37,566,117",Western,Lionsgate,United States,102 minutes
1970,"Hello, Dolly!",Nominated,1969,G,"$25,000,000",English,7,"17,792",51,11,43,30,76,"10,000+","$33,208,099",$114,"$33,208,213",Musical,,United States,146 minutes
2014,Her,Nominated,2013,R,"$23,000,000",English,8,"701,761",91,47,95,294,82,"100,000+","$25,568,251","$22,470,558","$48,038,809",Drama,Warner Bros.,United States,119 minutes
2017,Hidden Figures,Nominated,2016,PG,"$25,000,000",English,7.8,"274,481",74,47,93,323,93,"50,000+","$169,607,287","$58,839,554","$228,446,841",Drama,20th Century Fox,United States,126 minutes
1988,Hope and Glory,Nominated,1987,PG-13,,English,7.3,"15,384",86,15,96,28,82,"5,000+","$4,537,186",,,Comedy,Sony Pictures,United Kingdom,113 minutes
1964,How the West Was Won,Nominated,1962,G,"$15,000,000",English,7.1,"24,493",56,6,88,24,74,"5,000+","$46,500,000",,,Western,,United States,164 minutes
1993,Howards End,Nominated,1992,PG,,English,7.4,"37,418",88,11,94,69,81,"10,000+","$26,124,872","$230,045","$26,354,917",Drama,Sony Pictures Classics,United Kingdom,140 minutes
2012,Hugo,Nominated,2011,PG,"$150,000,000",English,7.5,"343,248",83,41,93,234,78,"50,000+","$73,864,507","$106,183,277","$180,047,784",Adventure,Paramount Pictures,"United Kingdom, United States",126 minutes
1996,The Postman,Nominated,1994,PG,"$3,000,000",Italian,7.8,"40,269",81,13,94,35,94,"10,000+","$21,812,813","$30,261","$21,843,074",Drama,Miramax,"Belgium, France, Italy",108 minutes
2002,In the Bedroom,Nominated,2001,R,"$1,700,000",English,7.4,"43,397",86,31,93,141,81,"10,000+","$35,930,604","$6,207,267","$42,137,871",Drama,Miramax,United States,131 minutes
1968,In the Heat of the Night,Winner,1967,Approved,"$2,000,000",English,7.9,"87,461",76,15,96,89,92,"10,000+","$24,379,978","$27,669","$24,407,647",Drama,MGM,United States,154 minutes
1994,In the Name of the Father,Nominated,1993,R,"$13,000,000",English,8.1,"195,952",84,16,94,51,95,"25,000+","$25,096,862",,,Drama,Universal,"Ireland, United Kingdom",133 minutes
2011,Inception,Nominated,2010,PG-13,"$160,000,000",English,8.8,"2,683,149",74,42,87,368,91,"250,000+","$293,662,683","$533,210,699","$826,873,382",Thriller/Suspense,Warner Bros.,"United Kingdom, United States",147 minutes
2010,Inglourious Basterds,Nominated,2009,R,"$75,000,000",English,8.4,"1,682,719",69,36,89,334,88,"250,000+","$120,774,594","$196,027,687","$316,802,281",Action,Weinstein Co.,"Germany, United States",152 minutes
1992,JFK,Nominated,1991,R,"$40,000,000",English,8,"176,386",72,29,84,69,88,"50,000+","$70,405,498","$134,994,502","$205,400,000",Drama,Warner Bros.,United States,189 minutes
1976,Jaws,Nominated,1975,PG,"$9,000,000",English,8.1,"694,425",87,21,97,148,91,"250,000+","$273,661,595","$210,690,343","$484,351,938",Horror,Universal,United States,124 minutes
1997,Jerry Maguire,Nominated,1996,R,"$50,000,000",English,7.3,"298,475",77,28,85,91,79,"250,000+","$153,952,592","$119,600,000","$273,552,592",Romantic Comedy,Sony Pictures,United States,135 minutes
2020,Jojo Rabbit,Nominated,2019,PG-13,,English,7.9,"467,364",58,57,80,430,94,"5,000+","$33,370,906","$53,507,167","$86,878,073",Black Comedy,Fox Searchlight,"Germany, United States",108 minutes
2020,Joker,Nominated,2019,R,"$55,000,000",English,8.3,"1,608,845",59,60,68,598,89,"50,000+","$335,451,311","$728,123,083","$1,063,574,394",Thriller/Suspense,Warner Bros.,United States,122 minutes
2021,Judas and the Black Messiah,Nominated,2021,R,"$26,000,000",English,7.4,"94,900",84,49,96,358,95,500+,"$5,478,009","$2,000,000","$7,478,009",Drama,Warner Bros.,United States,126 minutes
1962,Judgment at Nuremberg,Nominated,1961,Approved,"$3,000,000",English,8.3,"91,616",60,7,93,27,93,"5,000+","$10,000,000",,,Drama,,United States,186 minutes
1978,Julia,Nominated,1977,PG,"$7,840,000",English,7,"10,937",58,6,73,30,70,"2,500+",n/a,,,Drama,20th Century Fox,United States,206 minutes
2008,Juno,Nominated,2007,PG-13,"$7,500,000",English,7.4,"562,487",81,38,93,215,88,"250,000+","$143,495,265","$87,954,837","$231,450,102",Comedy,Fox Searchlight,United States,96 minutes
2024,Killers of the Flower Moon,Nominated,2023,R,"$200,000,000",English,7.6,"282,098",89,63,93,474,84,"2,500+","$68,035,488","$88,397,430","$156,432,918",Western,Paramount Pictures,United States,206 minutes
2022,King Richard,Nominated,2021,PG-13,"$50,000,000",English,7.5,"146,876",76,53,90,303,98,"1,000+","$15,138,334","$24,400,000","$39,538,334",Drama,Warner Bros.,United States,138 minutes
1986,Kiss of the Spider Woman,Nominated,1985,R,,English,7.3,"18,242",80,10,86,36,81,"5,000+","$14,582,182",,,Drama,Island/Alive,"Brazil, United States",121 minutes
1980,Kramer vs. Kramer,Winner,1979,PG,"$8,000,000",English,7.8,"161,021",77,9,90,101,89,"25,000+","$106,260,000",,,Drama,Columbia,United States,105 minutes
1998,L.A. Confidential,Nominated,1997,R,"$35,000,000",English,8.2,"641,122",91,28,99,165,94,"100,000+","$64,604,977","$61,600,000","$126,204,977",Drama,Warner Bros.,United States,137 minutes
2017,La La Land,Nominated,2016,PG-13,"$30,000,000",English,8,"719,171",94,54,91,470,82,"50,000+","$151,101,803","$353,516,721","$504,618,524",Musical,Lionsgate,United States,128 minutes
1999,Life Is Beautiful,Nominated,1997,PG-13,"$20,000,000",Italian,8.6,"778,258",58,32,81,94,96,"100,000+","$57,598,247","$171,777,114","$229,375,361",Drama,Miramax,Italy,116 minutes
2018,Lady Bird,Nominated,2017,R,"$10,000,000",English,7.4,"351,428",93,52,99,401,79,"10,000+","$48,958,273","$31,162,671","$80,120,944",Drama,A24,United States,93 minutes
1963,Lawrence of Arabia,Winner,1962,Approved,"$15,000,000",English,8.3,"329,140",100,8,93,132,93,"50,000+","$37,495,385","$32,499,662","$69,995,047",Adventure,Sony Pictures,"United Kingdom, United States",210 minutes
1975,Lenny,Nominated,1974,R,"$2,700,000",English,7.5,"18,473",61,9,87,31,88,"5,000+",n/a,,,Drama,,,111 minutes
2013,Les Misérables,Nominated,2012,PG-13,"$61,000,000",English,7.5,"354,530",63,41,70,252,79,"250,000+","$149,260,140","$286,032,312","$435,292,452",Musical,Universal,"United Kingdom, United States",158 minutes
2007,Letters from Iwo Jima,Nominated,2006,R,"$19,000,000",Japanese,7.8,"173,740",89,37,91,202,86,"250,000+","$13,756,082","$54,111,916","$67,867,998",Drama,Warner Bros.,United States,101 minutes
2022,Licorice Pizza,Nominated,2021,R,"$40,000,000",English,7.1,"148,159",90,55,90,326,65,"1,000+","$17,318,007","$15,585,542","$32,903,549",Drama,United Artists,United States,133 minutes
2013,Life of Pi,Nominated,2012,PG,"$120,000,000",English,7.9,"685,167",79,44,86,252,84,"100,000+","$124,987,022","$494,323,346","$619,310,368",Drama,20th Century Fox,United States,125 minutes
1964,Lilies of the Field,Nominated,1963,Unrated,"$240,000",English,7.5,"14,593",61,8,92,26,86,"5,000+",n/a,,,Drama,,United States,94 minutes
2013,Lincoln,Nominated,2012,PG-13,"$65,000,000",English,7.3,"278,870",87,45,89,288,80,"100,000+","$182,207,973","$91,138,308","$273,346,281",Drama,Walt Disney,United States,149 minutes
2017,Lion,Nominated,2016,PG-13,"$12,000,000",English,8,"259,570",69,45,84,268,91,"25,000+","$51,739,495","$97,378,405","$149,117,900",Drama,Weinstein Co.,Australia,120 minutes
2007,Little Miss Sunshine,Nominated,2006,R,"$8,000,000",English,7.8,"537,454",80,36,91,217,91,"250,000+","$59,891,098","$40,751,255","$100,642,353",Comedy,Fox Searchlight,United States,102 minutes
2020,Little Women,Nominated,2019,PG,,English,7.8,"267,286",91,57,95,441,92,"10,000+","$108,095,955","$110,742,431","$218,838,386",Drama,Sony Pictures,United States,135 minutes
2004,Lost in Translation,Nominated,2003,R,"$4,000,000",English,7.7,"510,824",91,44,95,236,85,"250,000+","$44,585,453","$72,499,844","$117,085,297",Drama,Focus Features,United States,102 minutes
1971,Love Story,Nominated,1970,PG,"$2,200,000",English,6.9,"38,889",84,5,63,30,75,"25,000+","$106,397,186","$30,000,000","$136,397,186",Drama,Paramount Pictures,United States,99 minutes
1971,M*A*S*H,Nominated,1970,R,"$3,500,000",English,7.3,"80,261",80,8,86,58,82,"50,000+","$81,600,000",$193,"$81,600,193",Black Comedy,,United States,116 minutes
2016,Mad Max: Fury Road,Nominated,2015,R,"$150,000,000",English,8.1,"1,165,411",90,51,97,439,86,"100,000+","$154,363,726","$226,100,000","$380,463,726",Action,Warner Bros.,United States,120 minutes
2024,Maestro,Nominated,2023,R,"$80,000,000",English,6.5,"67,152",77,62,78,330,57,"2,500+",n/a,"$523,787","$523,787",Drama,Netflix,United States,
2017,Manchester by the Sea,Nominated,2016,R,"$8,500,000",English,7.8,"334,086",96,53,96,357,78,"50,000+","$47,695,371","$30,038,496","$77,733,867",Drama,Roadside Attractions,United States,137 minutes
2021,Mank,Nominated,2020,R,"$25,000,000",English,6.8,"85,401",79,52,83,354,63,"1,000+",n/a,"$100,072","$100,072",Drama,Netflix,United States,132 minutes
2020,Marriage Story,Nominated,2019,R,"$18,600,000",English,7.9,"360,698",94,53,95,408,85,100+,n/a,"$321,463","$321,463",Comedy,Netflix,United States,136 minutes
1965,Mary Poppins,Nominated,1964,G,"$6,000,000",English,7.8,"192,746",88,13,97,59,86,"250,000+","$102,272,145","$26,956","$102,299,101",Musical,Walt Disney,United States,139 minutes
2004,Master and Commander: The Far Side of the World,Nominated,2003,PG-13,"$150,000,000",English,7.5,"246,717",81,42,85,224,80,"100,000+","$93,926,386","$118,985,751","$212,912,137",Adventure,20th Century Fox,United States,139 minutes
2008,Michael Clayton,Nominated,2007,R,"$25,000,000",English,7.2,"178,895",82,36,90,203,69,"250,000+","$49,033,882","$43,953,769","$92,987,651",Drama,Warner Bros.,United States,120 minutes
1970,Midnight Cowboy,Winner,1969,R,"$3,600,000",English,7.8,"126,658",79,16,89,115,88,"25,000+","$44,785,053","$11,666","$44,796,719",Drama,MGM,United States,113 minutes
1979,Midnight Express,Nominated,1978,R,"$2,700,000",English,7.5,"91,301",59,11,90,30,88,"25,000+","$35,000,000",$134,"$35,000,134",Drama,Columbia,United Kingdom,121 minutes
2012,Midnight in Paris,Nominated,2011,PG-13,"$17,000,000",English,7.6,"461,547",81,40,93,226,83,"50,000+","$56,816,662","$105,235,313","$162,051,975",Romantic Comedy,Sony Pictures Classics,"Spain, United States",94 minutes
2009,Milk,Nominated,2008,R,"$20,000,000",English,7.5,"182,804",83,39,93,243,89,"100,000+","$31,841,299","$25,452,072","$57,293,371",Drama,Focus Features,United States,128 minutes
2005,Million Dollar Baby,Winner,2004,PG-13,"$30,000,000",English,8.1,"746,324",86,39,90,268,90,"250,000+","$100,492,203","$131,436,024","$231,928,227",Drama,Warner Bros.,United States,132 minutes
2021,Minari,Nominated,2020,PG-13,"$2,000,000",Korean,7.4,"104,019",89,49,98,325,92,250+,"$2,964,816","$12,509,843","$15,474,659",Drama,A24,United States,115 minutes
1983,Missing,Nominated,1982,PG,"$9,500,000",English,7.7,"24,561",78,10,94,35,85,"5,000+","$16,000,000",,,Drama,Universal,United States,122 minutes
1989,Mississippi Burning,Nominated,1988,R,"$15,000,000",English,7.8,"120,944",65,11,79,29,90,"25,000+","$34,603,000",,,Drama,Orion Pictures,United States,128 minutes
2012,Moneyball,Nominated,2011,PG-13,"$50,000,000",English,7.6,"486,657",87,42,94,273,86,"50,000+","$75,605,492","$35,695,343","$111,300,835",Drama,Sony Pictures,United States,133 minutes
2017,Moonlight,Winner,2016,R,"$1,500,000",English,7.4,"341,819",99,53,98,401,79,"25,000+","$27,854,931","$37,040,175","$64,895,106",Drama,A24,United States,111 minutes
1988,Moonstruck,Nominated,1987,PG,"$15,000,000",English,7.2,"74,078",83,18,90,77,81,"25,000+","$80,640,528","$1,685","$80,642,213",Romantic Comedy,MGM,United States,101 minutes
2002,Moulin Rouge!,Nominated,2001,PG-13,"$50,000,000",English,7.6,"307,309",66,35,75,260,89,"250,000+","$57,386,369","$121,813,167","$179,199,536",Musical,20th Century Fox,"Australia, United States",126 minutes
2006,Munich,Nominated,2005,R,"$70,000,000",English,7.5,"247,205",74,39,79,210,83,"250,000+","$47,379,090","$84,113,682","$131,492,772",Thriller/Suspense,Universal,United States,164 minutes
1963,Mutiny on the Bounty,Nominated,1962,Not Rated,"$19,000,000",English,7.2,"18,667",48,7,70,20,73,"2,500+","$13,680,000",,,,MGM,United States,178 minutes
1965,My Fair Lady,Winner,1964,G,"$17,000,000",English,7.7,"105,018",95,15,94,90,90,"100,000+","$72,000,000","$73,063","$72,073,063",Musical,Fathom Events,United States,170 minutes
1990,My Left Foot,Nominated,1989,R,"GBP600,000",English,7.8,"82,585",97,18,98,45,92,"25,000+","$14,041,353",,,Drama,Miramax,Ireland,103 minutes
2004,Mystic River,Nominated,2003,R,"$25,000,000",English,7.9,"504,050",84,42,89,203,89,"100,000+","$90,135,191","$66,686,829","$156,822,020",Drama,Warner Bros.,"Australia, United States",137 minutes
1976,Nashville,Nominated,1975,R,"$2,200,000",English,7.6,"29,903",96,24,89,130,83,"10,000+",n/a,"$7,478","$7,478",Drama,,United States,160 minutes
2014,Nebraska,Nominated,2013,R,"$12,000,000",English,7.7,"126,217",86,46,90,252,83,"25,000+","$17,654,912","$7,106,448","$24,761,360",Drama,Paramount Pictures,United States,114 minutes
1977,Network,Nominated,1976,R,"$3,800,000",English,8.1,"179,269",83,16,91,78,93,"25,000+","$23,689,877","$8,969","$23,698,846",Drama,MGM,United States,121 minutes
1972,Nicholas and Alexandra,Nominated,1971,PG,"$9,000,000",English,7.2,"5,915",57,10,69,16,78,"1,000+",n/a,,,Drama,,United Kingdom,188 minutes
2025,Nickel Boys,Nominated,2024,PG-13,"$20,000,000",English,7,"19,555",91,49,91,204,75,250+,"$2,858,346","$356,592","$3,214,938",Drama,Amazon MGM Studios,United States,140 minutes
2022,Nightmare Alley,Nominated,2021,R,"$60,000,000",English,7,"175,259",70,55,80,357,68,"1,000+","$11,338,107","$26,199,666","$37,537,773",Thriller/Suspense,Searchlight Pictures,United States,150 minutes
2008,No Country for Old Men,Winner,2007,R,"$25,000,000",English,8.2,"1,122,129",92,39,93,289,86,"250,000+","$74,273,505","$89,762,248","$164,035,753",Western,Miramax,United States,122 minutes
2021,Nomadland,Winner,2020,R,"$5,000,000",English,7.3,"193,194",87,57,93,440,82,500+,"$3,700,000","$35,028,987","$38,728,987",Drama,Searchlight Pictures,United States,108 minutes
1980,Norma Rae,Nominated,1979,PG,,English,7.3,"13,429",61,10,91,32,79,"5,000+","$22,228,000",,,Drama,20th Century Fox,United States,110 minutes
1969,Oliver!,Winner,1968,G,"$10,000,000",English,7.4,"43,087",74,11,91,77,81,"50,000+","$37,402,877",,,Musical,Sony Pictures,United Kingdom,153 minutes
1982,On Golden Pond,Nominated,1981,PG,"$7,500,000",English,7.6,"36,446",68,14,91,44,87,"10,000+","$119,285,432",,,Drama,Universal,United States,109 minutes
2020,Once Upon a Time... in Hollywood,Nominated,2019,R,"$90,000,000",English,7.6,"909,381",84,62,86,580,70,"25,000+","$142,502,728","$234,924,175","$377,426,903",Thriller/Suspense,Sony Pictures,"United Kingdom, United States",159 minutes
1976,One Flew Over the Cuckoo's Nest,Winner,1975,R,"$4,400,000",English,8.7,"1,116,398",84,20,93,128,96,"250,000+","$108,981,275","$54,292,840","$163,274,115",Drama,MGM,United States,133 minutes
2024,Oppenheimer,Winner,2023,R,"$100,000,000",English,8.3,"891,244",90,69,93,509,91,"10,000+","$330,078,895","$646,186,263","$976,265,158",Drama,Universal,"United Kingdom, United States",180 minutes
1981,Ordinary People,Winner,1980,R,"$6,000,000",English,7.7,"59,315",86,18,89,103,88,"10,000+","$52,302,978",,,Drama,Paramount Pictures,United States,124 minutes
1986,Out of Africa,Winner,1985,PG,"$31,000,000",English,7.1,"89,586",69,18,62,89,82,"25,000+","$79,096,868","$179,113,992","$258,210,860",Drama,Universal,United States,161 minutes
2020,Parasite,Winner,2019,R,,Korean,8.5,"1,062,396",97,56,99,483,95,100+,"$53,867,897","$199,898,113","$253,766,010",Black Comedy,Neon,Republic of Korea,132 minutes
2024,Past Lives,Nominated,2023,PG-13,"$12,000,000",Korean,7.8,"152,208",94,52,95,314,93,500+,"$10,950,663","$31,962,518","$42,913,181",Drama,A24,United States,105 minutes
1971,Patton,Winner,1970,PG,"$12,600,000",English,7.9,"111,205",86,20,92,50,93,"25,000+","$62,500,000",,,Drama,,United States,172 minutes
2018,Phantom Thread,Nominated,2017,R,"$35,000,000",English,7.4,"151,832",90,51,91,357,71,"5,000+","$21,198,205","$26,256,203","$47,454,408",Drama,Focus Features,United States,130 minutes
2014,Philomena,Nominated,2013,PG-13,"$12,000,000",English,7.6,"105,688",77,42,91,199,89,"50,000+","$37,709,979","$61,253,413","$98,963,392",Drama,Weinstein Co.,"United Kingdom, United States",97 minutes
1985,Places in the Heart,Nominated,1984,PG,,English,7.4,"14,644",70,12,89,38,83,"5,000+","$34,900,814",,,Drama,Sony/TriStar,United States,111 minutes
1987,Platoon,Winner,1986,R,"$6,000,000",English,8.1,"456,188",92,16,89,122,93,"100,000+","$137,963,328","$15,692","$137,979,020",Drama,Orion Pictures,United States,119 minutes
2024,Poor Things,Nominated,2023,R,"$35,000,000",English,7.8,"341,807",88,62,93,378,80,"1,000+","$34,553,225","$77,341,225","$111,894,450",Black Comedy,Searchlight Pictures,"Ireland, United Kingdom, United States",141 minutes
2010,Precious,Nominated,2009,R,"$10,000,000",English,7.3,"118,609",78,36,92,239,77,"100,000+","$47,566,524","$21,156,324","$68,722,848",Drama,Lionsgate,United States,119 minutes
1986,Prizzi's Honor,Nominated,1985,R,"$16,000,000",English,6.7,"27,685",84,16,85,40,62,"5,000+","$26,700,000",,,Black Comedy,20th Century Fox,United States,130 minutes
2021,Promising Young Woman,Nominated,2020,R,,English,7.5,"224,838",72,48,90,429,87,500+,"$6,460,965","$12,393,201","$18,854,166",Black Comedy,Focus Features,"United Kingdom, United States",113 minutes
1995,Pulp Fiction,Nominated,1994,R,"$8,000,000",English,8.9,"2,334,487",95,27,92,186,96,"250,000+","$107,928,762","$104,962,836","$212,891,598",Drama,Miramax,United States,155 minutes
1995,Quiz Show,Nominated,1994,PG-13,"$31,000,000",English,7.5,"75,418",92,27,97,117,87,"25,000+","$24,787,282",,,Drama,Walt Disney,United States,133 minutes
1969,"Rachel, Rachel",Nominated,1968,Approved,"$700,000",English,7.1,"4,311",74,9,92,12,77,500+,n/a,$589,$589,Drama,,United States,101 minutes
1981,Raging Bull,Nominated,1980,R,"$18,000,000",English,8.1,"395,710",90,28,92,151,93,"100,000+","$23,380,203","$37,446","$23,417,649",Drama,United Artists,United States,129 minutes
1982,Raiders of the Lost Ark,Nominated,1981,PG,"$20,000,000",English,8.4,"1,074,234",86,17,94,155,96,"250,000+","$225,686,079","$141,765,835","$367,451,914",Adventure,Paramount Pictures,United States,115 minutes
1989,Rain Man,Winner,1988,R,"$25,000,000",English,8,"565,353",65,18,88,137,90,"250,000+","$172,825,435","$239,974,565","$412,800,000",Comedy,MGM,United States,133 minutes
2005,Ray,Nominated,2004,PG-13,"$40,000,000",English,7.7,"161,382",73,40,79,206,87,"100,000+","$75,305,995","$49,517,099","$124,823,094",Drama,Universal,United States,152 minutes
1982,Reds,Nominated,1981,PG,"$35,000,000",English,7.3,"25,677",76,15,90,49,82,"5,000+","$50,000,000",$130,"$50,000,130",Drama,Paramount Pictures,United States,195 minutes
1977,Rocky,Winner,1976,PG,"$960,000",English,8.1,"659,988",70,14,93,73,69,"250,000+","$117,235,147","$107,764,853","$225,000,000",Drama,United Artists,United States,119 minutes
2019,Roma,Nominated,2018,R,,Spanish,7.6,"174,229",96,50,96,408,72,"5,000+",n/a,"$1,903,062","$1,903,062",Drama,Netflix,"Mexico, United States",135 minutes
1969,Romeo and Juliet,Nominated,1968,PG,"$850,000",English,7.6,"36,311",69,12,95,40,74,"50,000+","$38,901,218","$6,429","$38,907,647",Drama,,United Kingdom,138 minutes
2016,Room,Nominated,2015,R,"$13,000,000",English,8.1,"467,905",86,43,93,318,93,"50,000+","$14,677,674","$21,639,053","$36,316,727",Drama,A24,"Canada, Ireland, United Kingdom, United States",113 minutes
1999,Saving Private Ryan,Nominated,1998,R,"$70,000,000",English,8.6,"1,569,905",91,38,94,149,95,"250,000+","$216,335,085","$268,700,000","$485,035,085",Drama,Dreamworks SKG,United States,169 minutes
1993,Scent of a Woman,Nominated,1992,R,"$31,000,000",English,8,"351,031",57,14,83,48,92,"100,000+","$63,895,607",,,Drama,Universal,United States,157 minutes
1994,Schindler's List,Winner,1993,R,"$22,000,000",English,9,"1,522,345",95,30,98,136,97,"250,000+","$96,898,818","$225,298,312","$322,197,130",Drama,Universal,United States,195 minutes
2004,Seabiscuit,Nominated,2003,PG-13,"$87,000,000",English,7.3,"78,472",72,43,78,210,76,"100,000+","$120,277,854","$28,437,488","$148,715,342",Drama,Universal,United States,140 minutes
1997,Secrets & Lies,Nominated,1996,R,"$4,500,000",English,8,"49,635",92,27,96,45,91,"10,000+","$13,417,292","$2,673,582","$16,090,874",Drama,October Films,United Kingdom,142 minutes
2015,Selma,Nominated,2014,PG-13,"$20,000,000",English,7.5,"97,582",79,52,99,311,86,"50,000+","$52,076,908","$14,594,090","$66,670,998",Drama,Paramount Pictures,"United Kingdom, United States",123 minutes
1996,Sense and Sensibility,Nominated,1995,PG,"$16,000,000",English,7.7,"131,592",84,21,97,67,90,"100,000+","$42,993,774","$92,000,000","$134,993,774",Drama,Sony Pictures,United States,136 minutes
1999,Shakespeare in Love,Winner,1998,R,"$25,000,000",English,7.1,"238,860",87,33,92,148,80,"100,000+","$100,317,794","$179,182,206","$279,500,000",Romantic Comedy,Miramax,United States,123 minutes
1997,Shine,Nominated,1996,PG-13,"$5,500,000",English,7.6,"57,921",87,25,91,44,90,"25,000+","$35,811,509","$864,423","$36,675,932",Drama,Fine Line,Australia,105 minutes
1966,Ship of Fools,Nominated,1965,Not Rated,"$4,000,000",English,7,"7,357",,,63,24,76,"1,000+",n/a,$186,$186,Drama,,,150 minutes
2005,Sideways,Nominated,2004,R,"$12,000,000",English,7.5,"210,949",94,42,97,233,79,"100,000+","$71,502,303","$38,224,497","$109,726,800",Drama,Fox Searchlight,United States,127 minutes
2013,Silver Linings Playbook,Nominated,2012,R,"$21,000,000",English,7.7,"759,502",81,45,92,261,86,"250,000+","$132,092,958","$104,319,495","$236,412,453",Drama,Weinstein Co.,United States,122 minutes
2009,Slumdog Millionaire,Winner,2008,R,"GBP12,300,000",English,8,"895,132",84,36,91,286,90,"250,000+","$141,330,703","$242,494,724","$383,825,427",Drama,Fox Searchlight,United States,116 minutes
2021,Sound of Metal,Nominated,2019,R,"$5,400,000",English,7.7,"159,950",82,37,97,287,90,"2,500+",n/a,"$516,819","$516,819",Drama,Amazon Studios,"Belgium, United States",130 minutes
1973,Sounder,Nominated,1972,G,,English,7.5,"5,095",80,6,91,23,79,"1,000+","$16,889,761",,,Drama,20th Century Fox,United States,105 minutes
2016,Spotlight,Winner,2015,R,"$20,000,000",English,8.1,"518,831",93,45,97,379,93,"50,000+","$45,055,776","$46,846,662","$91,902,438",Drama,Open Road,United States,128 minutes
1978,Star Wars: Episode IV - A New Hope,Nominated,1977,PG,"$11,000,000",English,8.6,"1,508,566",90,24,94,206,96,"250,000+","$460,998,007","$314,400,000","$775,398,007",Adventure,20th Century Fox,United States,119 minutes
1977,Taxi Driver,Nominated,1976,R,"$1,300,000",English,8.2,"979,036",94,23,89,163,93,"250,000+","$28,262,574","$251,838","$28,514,412",Drama,Columbia,United States,113 minutes
1984,Tender Mercies,Nominated,1983,PG,,English,7.3,"12,715",76,9,81,27,81,"2,500+","$8,443,124",,,Drama,Universal,United States,92 minutes
1984,Terms of Endearment,Winner,1983,PG,"$10,000,000",English,7.4,"68,257",79,10,81,107,83,"25,000+","$108,423,489",$260,"$108,423,749",Drama,Paramount Pictures,United States,131 minutes
1981,Tess,Nominated,1979,PG,"$12,000,000",English,7.3,"19,067",82,15,81,77,78,"5,000+","$20,093,330",,,Drama,Columbia,"France, United Kingdom",186 minutes
1989,The Accidental Tourist,Nominated,1988,PG,,English,6.7,"17,949",52,12,82,34,60,"5,000+","$32,632,000",,,Drama,Warner Bros.,United States,121 minutes
2012,The Artist,Winner,2011,PG-13,"$15,000,000",English,7.8,"252,269",89,41,95,323,87,"50,000+","$44,667,095","$83,433,489","$128,100,584",Drama,Weinstein Co.,France,100 minutes
2005,The Aviator,Nominated,2004,PG-13,"$110,000,000",English,7.5,"395,201",77,41,86,228,79,"100,000+","$102,608,827","$105,762,065","$208,370,892",Drama,Miramax,United States,170 minutes
2023,The Banshees of Inisherin,Nominated,2022,R,,English,7.7,"278,867",87,62,96,373,75,500+,"$10,582,266","$41,762,458","$52,344,724",Drama,Searchlight Pictures,"Ireland, United Kingdom, United States",109 minutes
1984,The Big Chill,Nominated,1983,R,"$8,000,000",English,7.1,"43,952",61,12,69,42,77,"10,000+","$56,077,501",$77,"$56,077,578",Comedy,Sony Pictures,United States,103 minutes
2016,The Big Short,Nominated,2015,R,"$28,000,000",English,7.8,"511,385",81,45,89,325,88,"50,000+","$70,259,870","$62,364,811","$132,624,681",Drama,Paramount Pictures,United States,130 minutes
2010,The Blind Side,Nominated,2009,PG-13,"$29,000,000",English,7.6,"374,576",53,29,66,204,85,"250,000+","$255,959,475","$49,746,319","$305,705,794",Drama,Warner Bros.,United States,128 minutes
2025,The Brutalist,Nominated,2024,R,"$10,000,000",English,7.4,"83,562",90,57,93,321,80,"1,000+","$16,249,415","$33,797,474","$50,046,889",Drama,A24,"Hungary, United Kingdom, United States",215 minutes
2000,The Cider House Rules,Nominated,1999,PG-13,"$24,000,000",English,7.4,"107,362",75,32,71,111,77,"50,000+","$57,547,209","$31,000,000","$88,547,209",Drama,Miramax,United States,125 minutes
1986,The Color Purple,Nominated,1985,PG-13,"$15,000,000",English,7.7,"100,995",78,7,73,126,94,"100,000+","$94,029,472",,,Drama,Warner Bros.,United States,152 minutes
1975,The Conversation,Nominated,1974,PG,"$1,600,000",English,7.7,"130,888",88,17,94,139,89,"25,000+","$4,754,682","$52,011","$4,806,693",Thriller/Suspense,Paramount Pictures,United States,113 minutes
1993,The Crying Game,Nominated,1992,R,"GBP2,300,000",English,7.2,"61,875",90,22,95,73,78,"25,000+","$62,546,695",$137,"$62,546,832",Thriller/Suspense,Miramax,"Japan, United Kingdom",111 minutes
2009,The Curious Case of Benjamin Button,Nominated,2008,PG-13,"$150,000,000",English,7.8,"721,615",70,37,72,256,80,"250,000+","$127,509,326","$202,122,632","$329,631,958",Drama,Paramount Pictures,United States,167 minutes
1979,The Deer Hunter,Winner,1978,R,"$15,000,000",English,8.1,"375,614",90,18,86,130,91,"100,000+","$50,000,000","$65,119","$50,065,119",Drama,Universal,"United Kingdom, United States",183 minutes
2007,The Departed,Winner,2006,R,"$90,000,000",English,8.5,"1,487,736",85,39,91,286,94,"250,000+","$132,384,315","$157,276,304","$289,660,619",Drama,Warner Bros.,United States,151 minutes
2012,The Descendants,Nominated,2011,R,"$20,000,000",English,7.3,"256,305",84,43,88,268,79,"50,000+","$82,624,961","$92,882,839","$175,507,800",Drama,Fox Searchlight,United States,110 minutes
1984,The Dresser,Nominated,1983,PG,"GBP1,456,000",English,7.5,"5,940",,,100,15,86,"1,000+","$5,310,748",,,Drama,Sony Pictures,United Kingdom,118 minutes
1981,The Elephant Man,Nominated,1980,PG,"$5,000,000",English,8.2,"272,849",78,16,91,65,93,"50,000+","$26,010,864","$15,552","$26,026,416",Drama,Paramount Pictures,"United Kingdom, United States",124 minutes
1997,The English Patient,Winner,1996,R,"$27,000,000",English,7.4,"208,721",86,31,86,94,83,"50,000+","$78,716,374","$152,993,634","$231,710,008",Drama,Miramax,"Italy, Tunisia",161 minutes
1974,The Exorcist,Nominated,1973,R,"$12,000,000",English,8.1,"477,748",83,22,78,177,87,"250,000+","$231,020,723","$197,867,061","$428,887,784",Horror,Warner Bros.,United States,121 minutes
2023,The Fabelmans,Nominated,2022,PG-13,"$40,000,000",English,7.5,"128,164",85,65,92,396,83,"1,000+","$17,348,945","$25,922,510","$43,271,455",Drama,Universal,United States,151 minutes
2021,The Father,Nominated,2020,PG-13,"$6,000,000",English,8.2,"213,080",88,51,98,298,88,250+,"$2,120,992","$34,306,163","$36,427,155",Drama,Sony Pictures Classics,"France, United Kingdom",97 minutes
2019,The Favourite,Nominated,2018,R,"$15,000,000",English,7.5,"247,641",91,53,93,430,71,"5,000+","$34,366,783","$61,462,676","$95,829,459",Black Comedy,Fox Searchlight,"Ireland, United Kingdom, United States",119 minutes
2011,The Fighter,Nominated,2010,R,"$25,000,000",English,7.8,"398,950",79,41,91,254,89,"100,000+","$93,617,009","$35,645,379","$129,262,388",Drama,Paramount Pictures,United States,115 minutes
1972,The French Connection,Winner,1971,R,"$1,800,000",English,7.7,"144,778",94,18,97,93,87,"25,000+","$41,158,757","$3,331","$41,162,088",Thriller/Suspense,,United States,104 minutes
1994,The Fugitive,Nominated,1993,PG-13,"$44,000,000",English,7.8,"333,456",87,33,96,84,89,"250,000+","$183,968,665","$169,839,557","$353,808,222",Thriller/Suspense,Warner Bros.,United States,130 minutes
1998,The Full Monty,Nominated,1997,R,"$3,500,000",English,7.2,"117,085",75,31,96,55,79,"100,000+","$45,950,122","$215,299,261","$261,249,383",Comedy,Fox Searchlight,United Kingdom,91 minutes
1973,The Godfather,Winner,1972,R,"$6,000,000",English,9.2,"2,124,633",100,16,97,153,98,"250,000+","$136,479,994","$133,527,400","$270,007,394",Drama,Paramount Pictures,United States,175 minutes
1975,The Godfather Part II,Winner,1974,R,"$13,000,000",English,9,"1,429,261",90,18,96,129,97,"250,000+","$57,300,000","$86,697","$57,386,697",Drama,Paramount Pictures,United States,202 minutes
1991,The Godfather Part III,Nominated,1990,R,"$54,000,000",English,7.6,"439,578",60,19,66,67,68,"250,000+","$66,666,062","$119,474","$66,785,536",Drama,Paramount Pictures,United States,162 minutes
1978,The Goodbye Girl,Nominated,1977,PG,,English,7.4,"16,977",64,11,80,25,85,"5,000+","$83,700,000",,,Romantic Comedy,MGM,United States,110 minutes
1968,The Graduate,Nominated,1967,PG,"$3,000,000",English,8,"296,633",83,19,87,92,90,"100,000+","$104,397,102","$70,808","$104,467,910",Romantic Comedy,Embassy,United States,105 minutes
2015,The Grand Budapest Hotel,Nominated,2014,R,"$25,000,000",English,8.1,"926,658",88,48,92,316,87,"50,000+","$59,076,019","$103,961,642","$163,037,661",Comedy,Fox Searchlight,United States,100 minutes
2000,The Green Mile,Nominated,1999,R,"$60,000,000",English,8.6,"1,485,544",61,36,79,136,94,"250,000+","$136,801,374","$153,900,000","$290,701,374",Drama,Warner Bros.,United States,187 minutes
1962,The Guns of Navarone,Nominated,1961,Not Rated,"$6,000,000",English,7.5,"57,718",72,8,92,25,86,"10,000+","$28,900,000","$19,394","$28,919,394",Adventure,,"United Kingdom, United States",158 minutes
2012,The Help,Nominated,2011,PG-13,"$25,000,000",English,8.1,"512,937",62,41,76,233,89,"100,000+","$169,705,587","$43,414,417","$213,120,004",Drama,Walt Disney,"United Arab Emirates, United States",137 minutes
2024,The Holdovers,Nominated,2023,R,"$13,000,000",English,7.9,"199,802",82,61,97,363,92,"1,000+","$20,355,375","$25,260,129","$45,615,504",Comedy,Focus Features,United States,
2003,The Hours,Nominated,2002,PG-13,"$25,000,000",English,7.5,"144,268",80,40,80,196,84,"50,000+","$41,675,994","$55,354,474","$97,030,468",Drama,Paramount Pictures,United States,110 minutes
2010,The Hurt Locker,Winner,2008,R,"$15,000,000",English,7.5,"484,639",95,37,96,287,84,"50,000+","$17,017,811","$32,859,173","$49,876,984",Drama,Summit Entertainment,United States,130 minutes
1962,The Hustler,Nominated,1961,Approved,"$2,125,000",English,7.9,"89,003",90,18,94,48,92,"25,000+","$7,600,000",$738,"$7,600,738",Drama,,United States,134 minutes
2015,The Imitation Game,Nominated,2014,PG-13,"$14,000,000",English,8,"853,259",71,49,90,285,91,"100,000+","$91,125,143","$136,203,442","$227,328,585",Drama,Weinstein Co.,United States,113 minutes
2000,The Insider,Nominated,1999,R,"$68,000,000",English,7.8,"186,460",85,34,96,137,90,"50,000+","$28,965,197","$31,300,000","$60,265,197",Drama,Walt Disney,United States,158 minutes
2020,The Irishman,Nominated,2019,R,"$159,000,000",English,7.8,"453,281",94,55,95,466,86,"1,000+",n/a,"$914,706","$914,706",Drama,Netflix,United States,210 minutes
2011,The Kids Are All Right,Nominated,2010,R,"$3,500,000",English,7,"136,088",86,39,93,224,74,"50,000+","$20,811,365","$15,464,104","$36,275,469",Comedy,Focus Features,United States,106 minutes
1985,The Killing Fields,Nominated,1984,R,"$14,400,000",English,7.8,"61,835",76,18,93,44,91,"10,000+","$34,609,720",,,Drama,Warner Bros.,United Kingdom,141 minutes
2011,The King's Speech,Winner,2010,R,"$15,000,000",English,8,"721,545",88,41,94,302,92,"100,000+","$138,797,449","$291,263,764","$430,061,213",Drama,Weinstein Co.,United Kingdom,118 minutes
1988,The Last Emperor,Winner,1987,PG-13,"GBP23,000,000",English,7.7,"115,899",76,15,86,126,88,"25,000+","$43,984,987","$20,448","$44,005,435",Drama,Sony Pictures,"China, France, Italy, United Kingdom",219 minutes
1972,The Last Picture Show,Nominated,1971,R,"$1,300,000",English,8,"55,020",93,15,98,115,89,"10,000+","$20,505,085","$1,175","$20,506,260",Drama,Sony Pictures,United States,118 minutes
1969,The Lion in Winter,Nominated,1968,PG,"$4,000,000",English,7.8,"35,543",,,91,45,90,"10,000+","$22,295,024",,,Drama,Rialto Pictures,United Kingdom,134 minutes
1963,The Longest Day,Nominated,1962,G,"$10,000,000",English,7.7,"61,139",75,7,84,25,90,"25,000+","$39,100,000","$11,000,000","$50,100,000",Action,20th Century Fox,United States,178 minutes
2004,The Lord of the Rings: The Return of the King,Winner,2003,PG-13,"$94,000,000",English,9,"2,077,648",94,41,94,280,86,"250,000+","$381,472,917","$742,364,991","$1,123,837,908",Adventure,New Line,"New Zealand, United States",201 minutes
2003,The Lord of the Rings: The Two Towers,Nominated,2002,PG-13,"$94,000,000",English,8.8,"1,873,420",87,39,95,258,95,"250,000+","$345,115,396","$576,595,781","$921,711,177",Adventure,New Line,"New Zealand, United States",179 minutes
2002,The Lord of the Rings: The Fellowship of the Ring,Nominated,2001,PG-13,"$93,000,000",English,8.9,"2,107,589",92,34,92,236,95,"250,000+","$318,651,105","$575,640,557","$894,291,662",Adventure,New Line,"New Zealand, United States",179 minutes
2016,The Martian,Nominated,2015,PG-13,"$108,000,000",English,8,"968,301",80,46,91,384,91,"100,000+","$228,433,663","$425,175,444","$653,609,107",Adventure,20th Century Fox,United States,130 minutes
1987,The Mission,Nominated,1986,PG,"$24,500,000",English,7.4,"68,560",55,18,63,30,87,"25,000+","$17,218,000","$3,578,024","$20,796,024",Drama,Warner Bros.,United Kingdom,125 minutes
1963,The Music Man,Nominated,1962,G,"$4,240,000",English,7.7,"19,961",76,9,94,18,85,"25,000+","$14,953,846",,,Musical,,United States,151 minutes
2003,The Pianist,Nominated,2002,R,"$35,000,000",English,8.5,"968,175",85,40,95,187,96,"250,000+","$32,539,222","$79,334,816","$111,874,038",Drama,Focus Features,"France, Germany, Poland, United Kingdom",149 minutes
1994,The Piano,Nominated,1993,R,"$7,000,000",English,7.5,"98,396",89,20,90,72,86,"25,000+","$40,157,856","$54,624","$40,212,480",Drama,Miramax,"Australia, France, New Zealand",121 minutes
2018,The Post,Nominated,2017,PG-13,"$50,000,000",English,7.2,"167,719",83,51,88,402,74,"10,000+","$81,903,458","$97,865,999","$179,769,457",Drama,20th Century Fox,United States,115 minutes
2022,The Power of the Dog,Nominated,2021,R,"$35,000,000",English,6.8,"200,299",89,58,94,364,76,50,n/a,"$732,269","$732,269",Drama,Netflix,"Australia, Canada, New Zealand, United Kingdom, United States",125 minutes
1992,The Prince of Tides,Nominated,1991,R,"$30,000,000",English,6.8,"20,645",65,21,68,34,70,"5,000+","$74,787,599",,,Drama,Sony Pictures,United States,131 minutes
2007,The Queen,Nominated,2006,PG-13,"GBP9,800,000",English,7.3,"117,730",90,38,97,203,76,"100,000+","$56,441,711","$72,444,162","$128,885,873",Drama,Miramax,United Kingdom,103 minutes
2009,The Reader,Nominated,2008,R,"$32,000,000",English,7.6,"268,612",58,38,63,202,79,"100,000+","$34,194,407","$78,770,468","$112,964,875",Drama,Weinstein Co.,"Germany, United States",122 minutes
1994,The Remains of the Day,Nominated,1993,PG,"$15,000,000",English,7.8,"88,733",86,12,96,49,89,"10,000+","$22,954,968","$41,000,000","$63,954,968",Drama,Sony Pictures,"United Kingdom, United States",134 minutes
2016,The Revenant,Nominated,2015,R,"$135,000,000",English,8,"911,571",76,50,78,401,84,"100,000+","$183,637,894","$349,300,408","$532,938,302",Adventure,20th Century Fox,United States,156 minutes
1984,The Right Stuff,Nominated,1983,PG,"$27,000,000",English,7.8,"67,292",91,16,96,54,90,"10,000+","$21,500,000",$213,"$21,500,213",Drama,Warner Bros.,United States,193 minutes
1967,The Russians Are Coming the Russians Are Coming,Nominated,1966,Unrated,"$3,900,000",English,7,"10,753",69,7,83,23,75,"2,500+","$21,693,114",,,Comedy,MGM,United States,126 minutes
1967,The Sand Pebbles,Nominated,1966,PG-13,"$12,000,000",English,7.5,"17,233",,,85,20,88,"5,000+","$30,017,647",,,Drama,,United States,182 minutes
2018,The Shape of Water,Winner,2017,R,"$19,400,000",English,7.3,"460,677",87,53,92,465,73,"25,000+","$63,859,435","$131,931,359","$195,790,794",Drama,Fox Searchlight,United States,123 minutes
1995,The Shawshank Redemption,Nominated,1994,R,"$25,000,000",English,9.3,"3,043,570",82,22,89,146,98,"250,000+","$28,313,053","$471,884","$28,784,937",Drama,Sony Pictures,United States,143 minutes
1992,The Silence of the Lambs,Winner,1991,R,"$19,000,000",English,8.6,"1,635,323",86,20,95,154,95,"250,000+","$130,726,716","$144,999,659","$275,726,375",Horror,Orion Pictures,United States,118 minutes
2000,The Sixth Sense,Nominated,1999,PG-13,"$40,000,000",English,8.2,"1,099,481",64,35,86,168,90,"250,000+","$293,506,292","$379,300,000","$672,806,292",Thriller/Suspense,Walt Disney,United States,108 minutes
2011,The Social Network,Nominated,2010,PG-13,"$40,000,000",English,7.8,"790,577",95,42,96,335,87,"100,000+","$96,962,694","$127,959,441","$224,922,135",Drama,Sony Pictures,United States,120 minutes
1966,The Sound of Music,Winner,1965,G,"$8,200,000",English,8.1,"276,423",63,11,83,77,91,"250,000+","$163,214,286","$122,998,947","$286,213,233",Musical,20th Century Fox,United States,174 minutes
1974,The Sting,Winner,1973,PG,"$5,500,000",English,8.2,"290,329",83,17,93,107,95,"50,000+","$159,616,327",,,Comedy,Universal,United States,129 minutes
2025,The Substance,Nominated,2024,R,"$17,500,000",English,7.2,"305,760",78,57,89,364,75,"1,000+","$17,584,795","$59,723,673","$77,308,468",Horror,MUBI,"United Kingdom, United States",140 minutes
2015,The Theory of Everything,Nominated,2014,PG-13,"$15,000,000",English,7.7,"496,879",71,47,81,268,84,"50,000+","$35,893,537","$87,434,155","$123,327,692",Drama,Focus Features,United States,123 minutes
1999,The Thin Red Line,Nominated,1998,R,"$52,000,000",English,7.6,"206,532",78,32,80,106,80,"100,000+","$36,400,491","$61,308,543","$97,709,034",Drama,20th Century Fox,United States,165 minutes
2012,The Tree of Life,Nominated,2011,PG-13,"$32,000,000",English,6.8,"188,204",85,50,85,294,60,"50,000+","$13,305,665","$48,416,161","$61,721,826",Drama,Fox Searchlight,United States,138 minutes
2021,The Trial of the Chicago 7,Nominated,2020,R,"$35,000,000",English,7.7,"200,309",76,49,89,343,90,"2,500+",n/a,"$116,473","$116,473",Drama,Paramount Pictures,United States,129 minutes
1978,The Turning Point,Nominated,1977,PG,,English,6.8,"5,403",68,10,63,27,66,"2,500+","$33,600,000",,,Drama,20th Century Fox,United States,119 minutes
1983,The Verdict,Nominated,1982,R,"$16,000,000",English,7.7,"48,440",77,17,88,40,88,"10,000+","$53,977,250",,,Drama,20th Century Fox,United States,129 minutes
2014,The Wolf of Wall Street,Nominated,2013,R,"$100,000,000",English,8.2,"1,687,218",75,47,79,284,83,"100,000+","$116,949,183","$272,866,953","$389,816,136",Black Comedy,Paramount Pictures,United States,165 minutes
2024,The Zone of Interest,Nominated,2023,PG-13,"$15,000,000",German,7.3,"134,155",92,58,93,348,79,250+,"$8,576,457","$43,972,420","$52,548,877",Drama,A24,United Kingdom,105 minutes
2008,There Will Be Blood,Nominated,2007,R,"$25,000,000",English,8.2,"671,099",93,42,91,246,86,"250,000+","$40,222,514","$36,963,567","$77,186,081",Drama,Paramount Vantage,United States,158 minutes
2018,"Three Billboards Outside Ebbing, Missouri",Nominated,2017,R,"$15,000,000",English,8.1,"583,061",88,50,90,411,87,"10,000+","$54,513,740","$106,644,611","$161,158,351",Black Comedy,Fox Searchlight,United States,115 minutes
1998,Titanic,Winner,1997,PG-13,"$200,000,000",English,7.9,"1,339,488",75,35,88,255,69,"250,000+","$674,460,013","$1,548,588,773","$2,223,048,786",Drama,Paramount Pictures,United States,194 minutes
1963,To Kill a Mockingbird,Nominated,1962,Approved,"$2,000,000",English,8.3,"343,272",88,16,93,69,93,"100,000+","$13,129,846",,,Drama,Universal,United States,129 minutes
1964,Tom Jones,Winner,1963,Not Rated,"$1,000,000",English,6.4,"14,837",77,15,83,41,58,"5,000+","$37,600,000",,,Comedy,,United Kingdom,128 minutes
1983,Tootsie,Nominated,1982,PG,"$22,000,000",English,7.4,"118,730",88,21,91,54,81,"50,000+","$177,200,000",$289,"$177,200,289",Comedy,Sony Pictures,United States,116 minutes
2023,Top Gun: Maverick,Nominated,2022,PG-13,"$170,000,000",English,8.2,"775,817",78,63,96,478,99,"50,000+","$718,732,821","$735,268,289","$1,454,001,110",Action,Paramount Pictures,United States,131 minutes
1975,The Towering Inferno,Nominated,1974,PG,"$14,000,000",English,7,"50,449",69,11,68,38,72,"25,000+","$116,000,000","$23,700,000","$139,700,000",Action,20th Century Fox,United States,165 minutes
2011,Toy Story 3,Nominated,2010,G,"$190,000,000",English,8.3,"931,755",92,39,98,309,90,"250,000+","$415,004,880","$653,874,642","$1,068,879,522",Adventure,Walt Disney,United States,102 minutes
2001,Traffic,Nominated,2000,R,"$48,000,000",English,7.5,"225,099",86,34,93,222,85,"100,000+","$124,107,476","$84,192,524","$208,300,000",Drama,USA Films,United States,148 minutes
2023,Triangle of Sadness,Nominated,2022,R,"EUR10,000,000",English,7.3,"202,682",63,47,72,281,80,100+,"$4,608,096","$28,282,887","$32,890,983",Black Comedy,Neon,"France, Sweden, United Kingdom, United States",149 minutes
2011,True Grit,Nominated,2010,PG-13,"$38,000,000",English,7.6,"367,102",80,41,95,276,85,"100,000+","$171,243,005","$81,033,923","$252,276,928",Western,Paramount Pictures,United States,110 minutes
2023,Tár,Nominated,2022,R,"$25,000,000",English,7.4,"103,795",93,59,91,356,74,250+,"$6,773,650","$22,492,802","$29,266,452",Drama,Focus Features,United States,158 minutes
1993,Unforgiven,Winner,1992,R,"$14,400,000",English,8.2,"454,467",85,34,96,108,93,"100,000+","$101,157,447","$58,000,000","$159,157,447",Western,Warner Bros.,United States,130 minutes
2010,Up,Nominated,2009,PG,"$175,000,000",English,8.3,"1,181,783",88,37,98,293,90,"250,000+","$293,004,164","$438,459,213","$731,463,377",Adventure,Walt Disney,United States,89 minutes
2010,Up in the Air,Nominated,2009,R,"$25,000,000",English,7.4,"355,362",83,36,90,284,79,"100,000+","$83,823,381","$83,019,358","$166,842,739",Drama,Paramount Pictures,United States,109 minutes
1973,The Emigrants,Nominated,1971,PG,,Swedish,8,"7,906",,,94,17,87,500+,n/a,,,Drama,,Sweden,191 minutes
2019,Vice,Nominated,2018,R,"$60,000,000",English,7.2,"169,226",61,54,64,366,61,"5,000+","$47,836,282","$23,057,500","$70,893,782",Black Comedy,Annapurna Pictures,United States,132 minutes
1974,Cries & Whispers,Nominated,1972,R,"$400,000",Swedish,7.9,"38,517",,,91,34,90,"5,000+",n/a,"$18,422","$18,422",Drama,,Sweden,91 minutes
2012,War Horse,Nominated,2011,PG-13,"$66,000,000",English,7.2,"169,536",72,40,74,241,74,"50,000+","$79,883,359","$76,932,170","$156,815,529",Drama,Walt Disney,"United Kingdom, United States",146 minutes
2022,West Side Story,Nominated,2021,PG-13,"$100,000,000",English,7.1,"101,980",85,62,91,391,93,"2,500+","$38,530,322","$36,299,047","$74,829,369",Musical,20th Century Studios,United States,156 minutes
1962,West Side Story,Winner,1961,Approved,"$6,000,000",English,7.6,"124,759",86,17,92,115,84,"100,000+","$43,700,000","$3,896,274","$47,596,274",Musical,Cinemark,United States,152 minutes
2015,Whiplash,Nominated,2014,R,"$3,300,000",English,8.5,"1,074,136",89,49,94,305,94,"50,000+","$13,892,940","$26,608,746","$40,501,686",Drama,Sony Pictures Classics,United States,106 minutes
1967,Who's Afraid of Virginia Woolf?,Nominated,1966,Not Rated,"$7,500,000",English,8,"82,384",75,11,96,45,90,"10,000+","$33,736,689",,,Black Comedy,,United States,132 minutes
2025,Wicked,Nominated,2024,PG,"$150,000,000",English,7.5,"161,660",73,63,87,391,95,"25,000+","$473,231,120","$281,533,486","$754,764,606",Musical,Universal,United States,160 minutes
2011,Winter's Bone,Nominated,2010,R,"$2,000,000",English,7.1,"154,491",90,38,94,176,76,"50,000+","$6,531,503","$9,600,048","$16,131,551",Drama,Roadside Attractions,United States,100 minutes
1986,Witness,Nominated,1985,R,"$12,000,000",English,7.3,"109,251",76,14,94,47,80,"25,000+","$65,532,576",,,Drama,Paramount Pictures,United States,112 minutes
2023,Women Talking,Nominated,2022,PG-13,,English,6.9,"45,858",77,47,90,299,80,250+,"$5,456,531","$3,719,329","$9,175,860",Drama,United Artists,United States,104 minutes
1989,Working Girl,Nominated,1988,R,"$28,000,000",English,6.8,"65,239",73,17,83,48,67,"25,000+",n/a,,,Drama,Miramax,United States,93 minutes
1970,Z,Nominated,1969,M/PG,,French,8.1,"32,716",86,19,94,50,93,"5,000+","$14,283,305",,,Thriller/Suspense,Rialto Pictures,"Algeria, France",127 minutes
2013,Zero Dark Thirty,Nominated,2012,R,"$40,000,000",English,7.4,"330,464",95,46,91,305,80,"100,000+","$95,720,716","$38,891,719","$134,612,435",Thriller/Suspense,Sony Pictures,United States,137 minutes
1965,Zorba the Greek,Nominated,1964,Not Rated,"$783,000",English,7.6,"24,874",,,79,14,86,"5,000+","$9,000,000",,,Comedy,,"Greece, United States",142 minutes
